<?xml version="1.0" encoding="UTF-8"?>
<project-private xmlns="http://www.netbeans.org/ns/project-private/1">
    <editor-bookmarks xmlns="http://www.netbeans.org/ns/editor-bookmarks/2" lastBookmarkId="1">
        <file>
            <url>src/ClsEmpresas/empresa.java</url>
            <bookmark id="1">
                <name/>
                <line>98</line>
                <key/>
            </bookmark>
        </file>
    </editor-bookmarks>
    <open-files xmlns="http://www.netbeans.org/ns/projectui-open-files/2">
        <group>
            <file>file:/C:/Users/agos1/OneDrive/Escritorio/Mision%20tic%202022/FP/ciclo%202/semana%202/reto/empresa/src/ClsEmpresas/operativo.java</file>
            <file>file:/C:/Users/agos1/OneDrive/Escritorio/Mision%20tic%202022/FP/ciclo%202/semana%202/reto/empresa/src/ClsEmpresas/cliente.java</file>
            <file>file:/C:/Users/agos1/OneDrive/Escritorio/Mision%20tic%202022/FP/ciclo%202/semana%202/reto/empresa/src/ClsEmpresas/administrativo.java</file>
            <file>file:/C:/Users/agos1/OneDrive/Escritorio/Mision%20tic%202022/FP/ciclo%202/semana%202/reto/empresa/src/empresa/Empresa.java</file>
            <file>file:/C:/Users/agos1/OneDrive/Escritorio/Mision%20tic%202022/FP/ciclo%202/semana%202/reto/empresa/src/ClsEmpresas/company.java</file>
            <file>file:/C:/Users/agos1/OneDrive/Escritorio/Mision%20tic%202022/FP/ciclo%202/semana%202/reto/empresa/src/ClsEmpresas/empleado.java</file>
        </group>
    </open-files>
</project-private>
